username,password
cstoving0,xWHvtXtNel
ssoftley1,kYZjNUD
bpettyfer2,TuAi8YE
acamidge3,EE9gSsxAo
gridgley4,eqi7pv1
dpagelsen5,zpARmBVRlk
esterley6,Kuh0FumJi
ejendrys7,SqRZZoo
tlaugherane8,4s9nj3
cjoannic9,LEjJgfW
ddrawmera,i6jUVPLm
gdwaneb,zyiqta
jpaulilloc,fSlWaia
rmcglaughnd,03SAIy9
ngreggse,y4WuGFdaUj6
vdidellof,1jU9iRUih1v
bliddelg,GK2WRVkR
mwalletth,mYrbpKU
jwilmani,Owi4eCkFwHGy
hzelakej,DeLKiQv
mrensk,fjRxS9
cnapoleonel,N5QTqk
bgorhardtm,IBx7JB
tseamansn,o2qwIS
gguarniero,f7LIPXxkCCm
cmunslowp,3k25uXcaHO8
mestableq,QqWUyEvzblL
vmetsonr,4AkxZwmTL
dnarramores,JsH3oCDqY
bcoggert,PE3l6J
ltatumu,ZhibkUNj49
acowev,7FUzh8onjTr
shillattw,J1b7zIlS4Xt
tgastickex,ggpVvOy
nasmany,ZJ2NuGCon3G
ogiffardz,7fPXEIQhUAYp
gwagstaff10,u8kHp1
mastridge11,tePxD0GB6ut
rprisley12,T18HoXcUj
kiacovozzo13,NEZ8Y7uE
dbolstridge14,T5dvYXtop
dlartice15,8OZ2Qd0naIU
cmanilow16,8Q04wNCuvWra
pguage17,vuQV7jgbL
gconws18,Uofw7Gp5jn0W
epratley19,iQQhORbeJsfp
eschulze1a,M1ZUOWAYUT
rmacalpin1b,fndwjOA
medgecumbe1c,e2I1YUI
fbalogun1d,9wzwuUy4DuAV
mbaldinotti1e,bWcL2vDId2vW
fsyddon1f,utDMZyH
mtroillet1g,olKGCJfxN4q9
hcoaster1h,b7slb7a6CLts
dpilsworth1i,7Df8PG9F98
sattreed1j,LbOVIMGlRstx
cwaye1k,byymLX
oliebermann1l,qZiGOwfDt1kW
woherlihy1m,c8pNRU
ndaouse1n,2iFsPXR1FvF
fhugenin1o,ncLhH36
jodoherty1p,5ucz98M2m
kalbisser1q,LrxjBlA
gstyles1r,aN88pzUqvetY
acaban1s,bTudINVzjjru
rnezey1t,lX7gE5Fs
rwagstaffe1u,xnPtfLiI
mbradforth1v,Co5XWtS
hklyn1w,nvRE16gRrlq
vvalentinuzzi1x,Y0pJuKL7B1J
yproud1y,4THnyz
ngrix1z,tfsnmZ
lstanway20,4Bp3P3Mi
echasemore21,Hs1PdSbs5
bshillington22,muIbfQqJIwme
largo23,z2Bb4nZF
bhobbert24,xrBwqkNUgO
sfaunt25,VS96DeG
rbanane26,azw5hJ
bwhichelow27,U9GNBey
vanear28,lX55G0OoOAm
fparmiter29,5x2phuVP
glegerton2a,p0hAlTlvmp
jstruttman2b,cbC4rxWjlQpe
cmatitiaho2c,SBQjDI
jtilne2d,jU9Z1dWIbKd
gpeachman2e,NuBgbl
bdodding2f,r0Rcn94Dg4
rmacgow2g,6C1youio
jturner2h,GwGv9iuxWc9
dspick2i,9y3k8d7HP
mmacvean2j,fWkfvnp3nmoJ
ibampton2k,p2UPBcIdIew
jjeavons2l,R8DE5Y36PYN
afattori2m,0z2dqde
tvescovo2n,HrBmBseQj
mbrassington2o,CAsgBxhGSrk
rrosekilly2p,RsHqOsszpY
bgreenshields2q,ODDpWPlAV
nnother2r,C9S7GDIqoM7V
aohm2s,Cu1iC3
gharbottle2t,jfbjGbNL
bblackhall2u,KJqd4bx
lmitchelson2v,fQIhSii
tloram2w,HNfBVe
kchinn2x,R7ulkuIyy8
rsand2y,MqEZb8BKIej
hbogie2z,yJY7GNs1
ksilman30,DLiEyNko
ggabala31,tvWlsZifm7
dsiggers32,n7uSQMjCAa
fcloonan33,w6uYdFmbON
apechacek34,S1CHMz
avirgoe35,QEc9V1UafbG
lmacias36,OaDvXFQIuB
gochterlonie37,4LqBgPcuDqNg
iwoodcraft38,fjpUOfdCXQf1
rfocke39,V1cdMGFQkft7
dhurdman3a,4rmuVcwkSVbd
dbucktharp3b,KL237YlTQqI
bmoan3c,Zpdpkr1xt9
hhendrickson3d,g4TKeAxAIih8
bcourse3e,k7tqUDodfgQ
jskaifedingerthorpe3f,ZyPTNcbICl
ostepto3g,awskAwfUp
anorridge3h,OoFNgt1GEj
gcastanone3i,ZbQHveYry7R2
jovenden3j,YrRJ4MaEh1Ze
cbleas3k,zSR6sT
lmaxted3l,hamrth4pG
fmathet3m,BH7JztrQdPQ
mmacascaidh3n,UaVKRAX
cbreston3o,VjTqOYkDfIv
dmckiernan3p,pcdbpscf
asangwine3q,9PvSeO4DBj
cmazin3r,I4ZVY0dFPQQ8
bwaggitt3s,DC8MdBVfpSA
jbowers3t,iD4sN8
vbradtke3u,DwUgDAh6eJF
rburnet3v,ozzvm5G
bconkey3w,GuIHSChYEFI
dblazej3x,WiGvX0kR
hmosco3y,ErPMOyfyO
jdussy3z,sQqyqw
cstill40,UUElM799T
rtuson41,5E07sz7Ph
bkrop42,CBbQjAH
krance43,BtV7ulTlf7l
ibodega44,ssanLw2
nmurfill45,ZZFUJyE
paskell46,lNhfQ1aezW
cpennycuick47,FhXBZXOdTE
pmacro48,MFLoOO
hmccaghan49,1S2WqXYKvg
elesor4a,E91E7jTrA3
lalvy4b,jyriC5d
nolohan4c,ayQZzog
lrichardt4d,JzESJAH7nLN
mshilladay4e,Jby2mD
fhaskur4f,xlSsIwi7
fpau4g,1jSEgU8t
efredson4h,9JY88zlx
mmaccracken4i,K7gdCe
jbaradel4j,DjN0FNlMcXFN
ocorah4k,4R2kLh
vreihill4l,U3mAyUoliz
fmcgonigal4m,dEmmih486
dstuckford4n,ZdMMaXz
krafe4o,9hHzuiyZwP
rsneesby4p,shV4cWS
ejurisic4q,VBps4JQx
itheodoris4r,PagcRc23NgL
mitzchaki4s,3dW27fRZm
jtunnoch4t,oCkEIe
dtukely4u,tWPPvqq
cmartland4v,s1HZbudN
tsewell4w,ED5hLjvXB3E
vcracknell4x,fFAjJLDGEV
kshakeshaft4y,gBYlJGyXGV
gvowdon4z,gjvFcV3Ja8H
ccoulson50,Ae1MRN
cnekrews51,t4vLEQvSc
varkwright52,bJdudV
pgotthard53,ActoE35PAdX
mheffernan54,o8eyQksiO
dmaybey55,kVHqIO
rwinscum56,mx73LG
dleat57,40qI8UdNmLp
bhumby58,bZUfj9R
sdowsett59,HBOfFTSGaEb
vpenticost5a,X6aSy6US
ysnazle5b,wlX6Pe11
eblasdale5c,PcieC8
stukely5d,UYb8Gy
nbriant5e,GzYXFU
ssugden5f,aMN9sXCYZ1vv
lseedull5g,AAsgZXCXS1
agehringer5h,jw631p
wsempill5i,q3V5OZMXHf
dbernardes5j,uzKUlt3q
swoofinden5k,JFcIm39in
cgarrique5l,5ZtwEWhe
hsolway5m,fev88EOFT
rmarrison5n,iwjCEN
ddewing5o,k5LY0Fuqik
ehasney5p,VW5zeawTi1a
dlochran5q,fpn6u2vqBo0
dlermouth5r,Eryu4MMgsEo
mdwelly5s,OHt6JCduq
jmclarty5t,oUU9MSDG419P
ceustanch5u,6vaPHTVe
ocoultard5v,KMoGr1Z
grheaume5w,NCi484
pchallinor5x,PytfA9cQ
lwearing5y,uPOEZgle
dpawelczyk5z,X1Surl4c
ktirte60,9aeEbM1
gleftly61,5W8zBaJ
sdempsey62,t3PFDN
apaff63,PKdtCHC
rbusch64,4hb388uhHCf
ttantrum65,i8jTcO
eruffy66,KkJWvjmC2AA
kurlin67,hWQXTcGK
dpetroselli68,WD4lsTv3y
ctruse69,KwfrIAE
bkropach6a,7NegJOo
kburgess6b,SIgoEkChjG
gbunson6c,9G6JapSo4x5
ljanata6d,7D7T5NGKD1
mlitherland6e,6M7O04xFsnMz
mcobbledick6f,hudYEhS8k
estaintonskinn6g,WJf93w5cNkQ3
frich6h,dHaxuXMfGc3
tscarsbrooke6i,caITAUd
bgration6j,eTZlntm9
iclulow6k,hyqIw02kBnLI
dbeynkn6l,sucj7t7
gvince6m,KTJBrMHjnf
lharper6n,kVMyVHB0R
smilne6o,V75wV8TEm6
dharner6p,dpnRgf8nC
fkilkenny6q,cczOKxz
jyesenin6r,mr4CFFV
mbrennand6s,kk94YR0BM
dmcgaugie6t,9FOm3ns
ltimbs6u,NGTdCh
pmaymand6v,IwS7Rm69qui
rpearse6w,PgPQtsM
fcleeves6x,eNZ72l
mkisar6y,5CHa8rQ
ngritsaev6z,TxC4pQL6C
bseagrave70,KtDxrJzd2
whordell71,p2LDZNeS
djanisson72,OPJnIi3drb
eworsham73,6R9PpPq
llenox74,y8fjNfR
fcanto75,Wqrouxt2gw
jpurches76,7z9gMXHXu
hgeffcock77,MSh4JUyoqUkw
jraffeorty78,pcUXsXJZw2M6
hsim79,pEvAp44iQV
jscimone7a,N3MZNFwWOzFy
rthick7b,Oz8IgrMpelJ
gashlin7c,VBrTVmIA
afreda7d,UA5WxZpVE
jcatlin7e,Z3QtP5e4
hcowie7f,rN7bjypOcx9
cmathevon7g,LaqVKJCEa
cfintoph7h,58VTw1
hjolin7i,EncfzKlC4rIb
cmcauley7j,jeSYZ8
kblayd7k,MWD22KksLm
vnethercott7l,GVooVjzleeH
aetherington7m,BaZiL8ximVW
dmcausland7n,nzHIV1Aek
bmackison7o,7gAbQy7zkR
amccormack7p,GykhOsa
tsandercock7q,XKOGeo
rrosini7r,bL1rZy
efoxworthy7s,tpdaHq3wGn
lmehaffey7t,rItjqcUs
ntappin7u,E8raxz0
dglendzer7v,UFyFDJYBxI
jroscoe7w,QKmIOy
jangliss7x,5HIQQdBPcL
jparmley7y,jsMTSI
dsante7z,qp9sFuzUzuA
pdales80,pW3Gvg9gxmR
ehazelhurst81,XIemfYb9z9Yv
cascroft82,a38kPpFyy
cgounot83,uoopCGvK
echiles84,SFRZU3c
kcoleman85,tnDx0IbG3C
abriamo86,t1nxONrqE
jhiddsley87,z2H5wm3YHGxC
edejuares88,gtfecLxu
aleyes89,dHnta4ZPFEG
csweetmore8a,wBoipvhIA
dhylands8b,5BBRYrgr
bburles8c,WD9rGKzEk5RH
jpatriche8d,7FePkdCV
shuddles8e,oEF5mhHwDu
mferrey8f,AgqU9G
fhunnawill8g,ju1gh7TL3O
kmartineau8h,X9LiPlL
dtanslie8i,MhUPBk
gsimmers8j,1Ydn5m
ojorck8k,fXsGQyg
csancto8l,6AofIIFjZeSg
lhustler8m,D1KA1Npu
cbanyard8n,3xZGENe
pdorow8o,GZTzFt7
gmarcos8p,xxkDmcINmT
ktebbett8q,HZ1ppi
nszimon8r,ajk6F9uIG70U
aclemo8s,fmj9bfl
balishoner8t,reAI08D3IRev
cpallatina8u,cifyncIfX
treboulet8v,l8HlG9DwiX
lgoodridge8w,0YADIZw
gloges8x,mXNwkFpDsB
cgrinley8y,VPsrqYjTI
kleither8z,2KgJufLxLo
mdoctor90,UfFCDE
vsemken91,uXWb5e
gmacnulty92,mUfYPPgX
bpharoah93,meh9DbQVL
dvayne94,OilgZL6G3vuP
tneeve95,zgAc2W6Ur
ebosley96,62L5nagad
fludgate97,vfj80Don2YC
bbettley98,IFoV24phZ
ohughland99,fu6ll8dCwgs
bjeduch9a,neMieCo2zz3t
azorzoni9b,gg2JiZPE
trennox9c,7FTRywZi
kstedman9d,LVPH7wJ99dG
dfinnie9e,2Ag1FQde
smcconigal9f,o0WmfH
cmcpartlin9g,CrNKzChvdL
bharvett9h,CvDJXBqKh
mmoorhead9i,TYpHUsXTbj
lveque9j,NAHMwaywDbzV
clacelett9k,2ZFpDH9b
hmatic9l,sYvxga9p
nblinman9m,0fYYWOQ
cfolk9n,tUlWTNf
lband9o,skc6XlE6jMFi
aarlt9p,sOqYmifE
tpetran9q,gxZvyF2Xp
dancliffe9r,OAhwQqalqAKt
ncoslitt9s,Ydbcn4bogh
thanwell9t,DxiDUNQpb
psandercroft9u,qcrLh4l3N
aloads9v,GJCqZZrh
lcoker9w,sNwxCQNov
fdaile9x,UPrNYAnwS9
aschimaschke9y,kaDtXt660J
lshiel9z,lX8H8Fm
cpasfielda0,wrXJcoKFJ6E
challowsa1,2WyoN4U96u
bpummerya2,YdjWrG5BUw5S
cgiloglya3,Xn05gGslDPD
adundredgea4,dIhMgXTkhX
obatemana5,oyQcVt
lmillicana6,qRJ4EKB7Sd4
wschlagmana7,AZcJfPH3J1H
mtoobya8,QrlY9jQ4U
ialldreada9,rQRToF5
ikolushevaa,NCgUi1
skenrickab,XoK0CpgnO
ebryantac,P9Vky2pF
afiennesad,73Y7U5A
ebelfae,G3wgzXCuv
emuttittaf,vlVIluuAor
asaveallag,0GwCUlDo
cdraytonah,fpRPJtCibR
htullochai,9JaRpK9U
nentissleaj,pfRQoPvt0
hspirak,zl3X0F
tfairbridgeal,jrpgdp5UCM
sgoodieram,1Wo8z5IOP
mhurdedgean,1hSeI8HL
gthomersonao,0nczAO2B
mkirkamap,rxLmyEmhL
ikirtonaq,CK7wwe4V
gstolzear,FDBkG9EB5hKi
nevittas,DYgcfDwa
ceaglestonat,u7TOVGfPg1
pobreenau,FwHrnb
jpetzoltav,KC34nX7pf
upowysaw,usU0SrB
gbecclesax,YQo5xQ
aglowinskiay,Jt856nq3S
lspohrmannaz,GBs66fs
lkidwellb0,pjYgn5nyPpo
scallenb1,uH5pCPFpy
pcharleb2,WEH5b1MxlA
oalkinb3,UGlRIU1EZ7Ex
rgoftonb4,9rsYnOzMxh
wdownageb5,ylBEsI33ULnm
azolinib6,p5UpC4
acrockettb7,6iunH0hWgCgX
clamymanb8,wDztife
mhinchshawb9,9z25wCxXDpS
brignallba,llTVrlAZAXIg
censleybb,1Vhnx0Jz
nbowersbc,K3YRA1u2EG
femanulssonbd,U0b4jIq
olocketbe,UgtrHiLfm
sculterbf,e8WC7Zo
tlavarackbg,sL81mBENNaIa
tpowderbh,oaA56X9pvF
ecalderonbi,n84iuEe4Nwto
mrubinowitchbj,nZoMGi
hexallbk,BoKcV53zd0P
dlinceybl,6CgFgsQiw
hgirogettibm,tmGGd2cxun
btoplingbn,F9fUhHv8
vwilmanbo,BodYcc
rferonetbp,5m0QFQyN
tleithgoebq,6OdTvyuRE
bsurgenorbr,E37aHC
cbellonbs,gBZ5l9R
tmulhollandbt,FVgTpwMST
hharveybu,J4YKJrKYr9e
saggsbv,jPw4l1wPsRr
fkonkebw,uBQyoEVvasQV
imarishenkobx,xZhIpRFnhb
achatwoodby,IPucgM0kRkkm
ggrimblebybz,fXWiqh
cthomac0,0tMTnDUDlKKA
kbeadhamc1,9KK5Cn
cdoomanc2,o1AHd4alQFXM
sfortmanc3,FTqsaCs
ohanleyc4,oNc2M0R
fmardlec5,5vQ9xr
maucockc6,uKSOwGz
ctallc7,tiozco
spatchettc8,g8YM7Zsd
imoringc9,7cxJfh
nbramca,d8GRCQtEYC
klapiduscb,slZvl8h
kclaypolecc,5zvS9oqF
afishpoolecd,rwQOmq8jd
ebardillce,i6UxoYQtr
mportmancf,h5DSPDu
vanthoncg,FwYAQXjCJ
hhearnesch,fysPeglu
vnetherwoodci,hIcOti
ajachimakcj,5KPWce
qdenisonck,d2B1akEv9PYR
aslefordcl,YaPDoi1IY
ekissellcm,nSAr4McEctH
tgosnallcn,bcbXUZRHMy
lclewco,kfl9WDUio
pfurseycp,u469mv
kfawssettcq,Qv7OWv
acockincr,vjKBzZO
lscrannagecs,vRq9nZInv8MF
ccorbynct,WURFY3rESXk
skinlochcu,SPQfIAB6PDf
oeaglingcv,aC8W6lweq
rsorbeycw,i9QiETHfdX1C
bguncx,fgxetb
jriltoncy,07eVCgHUZ
dmasselincz,KPLQe6lTI
gmathied0,hXvHO7n6eDB
smatchesd1,BJ5Q4b
dbexleyd2,2KlixsMEXID
dphillputd3,k7Bolxr3g
santonopoulosd4,HdqeElv
aderbyd5,EWdIdTwDyXBk
hsarjeantd6,yo2sLNtEA
cmellishd7,yPCSS9J3
hmcaleesd8,IU2paf7i
dmccolld9,Uw8bkzPt
goughtrightda,8QRX6ug7rCA
asladedb,Plsn2ce0jbjk
cworselldc,b2AKVDh1
gochterloniedd,JO0HxLIyelF
ntatlowde,aZK0JiQ
sberzindf,vQ5VPrv
mharmstonedg,ev22smOd
zwithinshawdh,icSIHJ82
rewinsdi,EuMyvy
fmanndj,qwfeBFkwBk
lcockerelldk,TXASjC1kH3C
sklaggesdl,DJNcC2N
bstogglesdm,b6lk3CgPnw1y
ccowgilldn,k5wnbl
jeatttokdo,47frgvbRB0lJ
sberzendp,bXXRC08x
ckillerbydq,munopAn8TrK
rfuzzarddr,ut4sDG1
bmacfarlands,avU0eLKh
gducarnedt,yBJmv9z3U1i
dfrigoutdu,rPZZQTF
shordledv,6oW2fYI9
ecarrattdw,AFw31RQ0U5
ekleinplacdx,M5lPNVP1nejm
egreenroyddy,trkqsW0zxW
bloghandz,i19i3ADy0Rrl
hsulleye0,SPPGJ9nB
tsackse1,CotljGQ
nklossere2,MpSpjT2
aaerse3,pfTy8Ut
wburrette4,jIWfyRg3W
rrappporte5,kFUlB1
zpuddene6,X0Q8zSnYsG
aleevese7,GdSz6SJ
kshervile8,zDE7pk
hmcgoogane9,Dg54zweoE5ER
ngeraudea,AjXggR
cstickingseb,eKOo4nmt
hschaumannec,uLv8EqRQ2
cjanoseviced,NQ36qJ9d0m
aelkinee,zGSfVb0
mlindforsef,r4StvgF9n
jkencheg,qL3SPe7hJSye
cjobeh,0WcvYOz8
clegatei,jUKCIRKyk
nkoppeej,dMPLGmd
jromansek,DF9128
kcluffel,HOwf5Hbg
wsibrayem,kEy6cFCO
wmccaigheyen,OxDKXvaVv
ccoatheo,lNHccgjhHIOf
rfuttyep,fqIiXuSq
mwhaleseq,PvxG5vcRG1
nreilyer,krw328T7op7
jmatleyes,envgcOEs
jabramofet,FiVRUQVT
amurneyeu,QlgGmLmlTE
lboorneev,aYEWccUUD
blozanoew,NalwNJf
wscathardex,6ZJ67z6x
ajellisey,mP4975y40
ldudlistonez,E8ppbTp9GR
mwedderburnf0,qRGybQT
dshynnf1,L1f95k
pmcowanf2,5EmRIWjALr
vsaltresef3,SRER5FZlLUGS
kdranfieldf4,fyzMJt6u9
adurdlef5,CeuJ8c
gsleef6,ucnpknLL
rhadwickf7,8mDXSRWiC
esleightf8,71KwN34ma
zharraldf9,MAawmyzJ6e
cmackimmfa,nvyEHylP1LT
probichonfb,wdgwuwjQZLI
imcbainfc,PQn76LH
agiannifd,jhRVkjs
jhouseleyfe,bLskkDNwtZ
gmcenenyff,HJ18V4
ccurnerfg,Vb9iNaXQqrd
lwalleyfh,asDfm3
jrenzofi,R05i2EYw
lhowatfj,iMelBfg
bgreensidefk,kZmtm7Jn
vcarthewfl,4oi9E93
gstovoldfm,4fOee2VzWV4k
lcaswellfn,PXr0xRJpHHp7
lnelissenfo,N5Qz0NfV
dmcquiltyfp,AlftCo8W
mkinkeadfq,th8WrzU
ppeckittfr,yVggdX
lthundermanfs,OpvL4m
apigdenft,7gw03yYHBI
jbroughfu,6LXIDHgBj
tjoslynfv,drRlFAkmpE7O
aalbanfw,JRzol2oWNe
pfranklandfx,HinWolXT9J
mmendoncafy,eoyvQlnR
gdunkfz,hFi0bkTdRYYr
cvasenkovg0,vUd50RA7M8n
cgianneschig1,cy2ywbKt
bdarrowg2,aJjy3Z
bsempleg3,aiNphqU6SL
gbassong4,hy0MzsDnu
gibarrag5,6tI410HY
celgerg6,jGRGx5o06Soe
jhayworthg7,NBh5xI62pY
kbrackstoneg8,77ty0XFXkjb
ocopoziog9,po7uY3
dickovitsga,ns1Za6R2zE
eclearleygb,k4bPn0Mh62u
vswordergc,jUg1u0S0ILkl
cgrinyakingd,0RbtGe
klosselyongge,BblErGVRfan
mbenedickgf,j8WzQu3F6hu
dmcenenygg,3HphJwS5gA
hjaquissgh,mHWLeztIVJS
clentongi,ALJgpvCxlp
rskillerngj,rLb3voVlOtLY
lchalicegk,cGfR6BL1fYr
agarradgl,E1sIlfCnzQ
lterrazzogm,U0QHw0jTd
bthorngn,lrBsZMmFbMo
lwozencraftgo,ooxZerfc
macockgp,nVr27xmI
hpetegregq,f0ArVQ
obarstockgr,Webkk6Qq
fcornilgs,xbDwI6vhJ5CC
abeininckgt,IhTiaKkV57
mduesberrygu,flwn0T
rjennogv,1fSjAcpXZ8iz
nyvengw,pwx9hb5EXTa
tdianogx,mlCANXB
bdarrowgy,Z5awzeof
tdavidigz,wfDu5jpF
cbalfourh0,8sNFVN4
jbartozzih1,gSB9zfeFTx
eeverillh2,sy9Sx8M
spehrssonh3,T3IMiYNgN
vquestedh4,32AqEFFWDCn
bmaphamh5,ldkIHV
sgourdonh6,ZB86WsVvIGgx
dcohenh7,NjBKJA
sconryh8,9jCKl8
ctipplerh9,umgHZLUpc3
cgoldhillha,TSqQAQiIyUHo
cdochertyhb,0pe1Rm
bmccandlesshc,fzOJ3c1XS
hellingtonhd,uML5kTqNg
eoatleyhe,Ghmb1g1YGkXZ
omityushinhf,HtV5sqZlPKW
hnorthallhg,REWaNY8
rquereehh,1DYkM3
mibotsonhi,a1dADqaF70al
kmewhahj,IZlo6UnsMjh
nburnyeathk,miacvhmTQAD
mbeneshl,KPv4nK
sedmeadeshm,b1QewmSh
gjoisthn,Y6dJE3dIov
lcovoliniho,jNIONB55sUB1
ewoolatthp,b81Up2uJr
balvaradohq,KZdSg7Cq
tcasalettohr,agkY4mVeDqc
dkalkofenhs,h65M0BQ
kgerckenht,9Q7kqKBNT
sgleasanehu,vy5pLj
scarabinehv,hebY8QXVByU
gwakeleyhw,KAX9vn1tAm
nsemperhx,Mchjfa
aoaghy,Xoqi5j0I5N
ckitchasidehz,t5JkLatfY
gsaundersoni0,t06if8K
clekeuxi1,lbiViD
ogreguoli2,MTv3gaLkY
ahazeldinei3,fJNrGE00XBCa
asimpkini4,WwmBI4o
ccarleyi5,oEfmpBEyH27Q
askilli6,0qz9IbC
glioneli7,8QZsy1hs8cX
yeversleyi8,Sj8NMIv
cantoniadesi9,kXsX6ffo
grykertia,2WH7LLSPL
fpettiib,6UbpFK
jdavetic,k9tXfTw2
bmcveightyid,IU4doyKfauJ
bboxie,dpOjdgo
jmckinlayif,0j59SW6y
melesig,Vvt9XuOS
esiviourih,YD6IjsnG7O
ctongueii,DOftpZU
jnutmanij,ueSlJlYHa502
hgaiterik,0T0h2Y
jpiddingtonil,VMV4DeQGwDD
acockim,g1SFMgbIz4gQ
pballinghallin,8QU8UsurH7l
ebernlinio,8QVv1B89
amcdougalip,PN5YP1
mknolesiq,d8bBohP
bmarkwickir,uZrEIAX
ghuytonis,nZJj5cgj
rcruiseit,WtIZXX2C6JjZ
cromushkiniu,pZhr2g
bbiggiv,LoC5OQST
vthreaderiw,247wbzelpG
rheddyix,DdiJn9AbhnC
llenihaniy,kiDjC4WAXE
nrobjohnsiz,3EEgzm
lmocherj0,6cisXPV6K1t
rkeatsj1,sWAfnh
llubej2,qs72gvUNxsUJ
dpiotrkowskij3,ReGFEK3nBLE
cluxtonj4,DJekOSOBBVI6
obizleyj5,A2VuTgM1MtF
ldahmelj6,PfUpHsI
mallwellj7,Qvmyq3jbY
tdeclercqj8,o0hCVGw
vrosewarnej9,VJaSKRZfUzGw
mcreboja,BmigDbT9
bspencookjb,0CpG84
sarmingerjc,bcnZBPi
wclayhilljd,WBKyELd
gdunrigeje,RWqOeEh
gfarronjf,7pWzm0KSZ8Mg
kfriftjg,IdjTbmG
tdalgettyjh,rNN0OieS
bsprouleji,47AWfInVI30
ctroreyjj,rAjNBa
sjoirisjk,9F6reQy28P
kshevlanejl,HmYWB9g
mstallionjm,JBK9Dk3EBwIZ
qschachterjn,jo37jSCmFrj
clongmorejo,MU9ulWo
tgarbuttjp,RECtjfi5R5e
aohalloranjq,IPbG5gt
jmillbankjr,jlz2zl7
echevolleaujs,3KKXnB93n
caudryjt,FHD3xAZhpG
ebenckju,is9Sv64PXhH
epowejv,fp2IOUUOfYA
emaestrojw,QXZSs0fA0Iva
cfraryjx,JB7s6el
bhymorjy,KFkBctL
mbritziusjz,0wJCL28oI2E
jflewittk0,VkjhoI
bshimmansk1,khwbPvJTPIcR
aanglessk2,dVLCI4s1sTTX
mblumk3,YU6bLF0u
lvoyseyk4,wFhmBVoxp
blambertonk5,oTQtI9j
rkornilovk6,5MYism
jplaydonk7,zuR9oRmDKvNN
rkemberk8,EaTG0hp
lhayballk9,ixu6nUW
cludmanka,m6ccdb4hLn
awrateskb,Y64mb4YUGFM
jbegginkc,ImrpXqgux
cmulhallkd,XrdEgtc9
sclaydenke,Y7WhnRkOtm
sjanickikf,euXy91Grcb1
cweavingkg,t60o8BYfc5r9
dsorrelkh,HcjRwEmYa5n
mguittetki,zEcEZQ9W
ftightkj,wgI4n4
cbuffkk,Edbtpy7myQp
mstalleykl,kq9m9icmm
tameerbegkm,GaSTRHQj7
arudekn,7JZCg34zCmQC
savonko,8myC8RXggB
ppischelkp,pvsEUHd
dcheshirekq,gmctsxD
gratleykr,oCrbX0fz
bhawkenks,qLnFnl4
msimaokt,DrX6iwn7TMHc
lmyringku,RRynVfw
gmcdougalkv,uxyS69Yzbqo
rdewankw,iXkx0Gb
hweblandkx,wPPEBQ7O0A7l
gvalentinoky,4OOSEBKMPOFs
jhunnkz,HrJ5LC0Ern
scockreml0,85p6GU28
zwileyl1,NFFZ3stw6SSz
bmccritichiel2,lmkTv7K
zgiannil3,9QS56L
dmcpeicel4,yi2DRR3
cmcevillyl5,qp9u7aT6htM
ctownsonl6,qtLXZmIzlbsF
adradeyl7,MRTpD1FkR
mfollitl8,vMiJ8sQ
ctregearl9,otlWHM8jKzj
bleupoldtla,cdVKsHn3FI
mhindrichlb,T2PYuaBO
pbabbagelc,K9FTrYwntL0
fomurtaghld,JtSMiN6fVqE
cgillottle,TGPQLqOh4Z
haikmanlf,nmsfxL0J2jOz
pfranchyonoklg,XLYMf6
vaudenislh,hzPs41Nn
kbenezetli,ahB7swXLbA
aphalplj,UDoXo3IJ
jstquintinlk,36fCBboatm
lhourstonll,QTts8UTlXR
mbuckleelm,dj0B82td
lswettenhamln,U481uGsO
kheakerlo,sAaEsvBIL0X
bmartinellolp,iAoQnzZ2A4
krobathamlq,AuqpY2k
cdurtnallr,ktwcFetowC5u
ahutablels,AiyCRoWKK3
kkennettlt,j0Dly5Pc
ntripeanlu,j3xSzYXfqc
dbaudouinlv,M0ewkW4DIR
mfludelw,Amx2J3x7G
tledgewaylx,xFEQLDYc
dhabishawly,7QuyGPuG
lmaidenlz,Of2DGMsxvu6
iewinsm0,oTz4NoJp
shicklingbottomm1,uapNDtSSprjR
etitlowm2,0Fu6h3pfr
mrankinem3,dXtL0KIk5D7
owringem4,V4f5YBDWFu
cpatientm5,gQjM4PXvW
hdrohunm6,YKpjg8SLMr8X
bwoodfordm7,xM7o6Ll2Td
ddelgardillom8,ZaESOeQo
groughanm9,0vdFJFfXfIKX
ysconema,mXYlKR
ablackaddermb,I3rG6Mc0M
tnorriemc,uOGUgksuLyi
hmucklestonmd,ixellRW
cpidlerme,nxRYxL9diKz
fhallbordmf,o3FojvnibYoN
jcoleiromg,nFITPsTq
gsutherelmh,BEf4e9
nbillinghammi,zW5ANFeA
hjeffrymj,sT9tVIz0
rmccrainormk,ds4ZPLJJ4
nfridayml,YzU3i0XyNo3f
hsammonsmm,oZcliJ5Gbx
gfealtymn,lTqD4B
sbaseggiomo,5EJhSoOUd
brosomanmp,syjJxBwLg7oE
pbissonmq,4kVjcWo3
hgannonmr,nXVs7jI
aduignanms,I92UlV
wcrannachmt,eoSp5l6Zlg
hmaystonmu,xHJhFneurI1
ibernardimv,UH3So6ymer
lmenismw,CG1uCt2j
hgillmx,3hget5fiFD
chastewellmy,Ged5iaSR
aboxenmz,XfCyAiBtdWa
acandien0,qXedJj
dhannigann1,XGctszt7DLN
ameadenn2,XHsthQ3
sledfordn3,Zgr4jKw5t9RZ
eelmhurstn4,m3DvyDB8G6HT
ipeplayn5,Fhm6ugB0
nshepleyn6,PftpGTVs8
wmccritchien7,8rEACJ
elidgelyn8,XR8BzGyUIZV
bgrevillen9,UqIwmqn
mrandlena,QzuX43owWCc
aabellnb,VBwcTkXirnq
nrowberrync,V1gRVP5s8Sla
fspraguend,hWIxVWg
cdonkene,KDTln2tglB
gconnicknf,daUo92L
smcneilng,unuuRSJ27p
tmcdugalnh,DDN4Ac490b
gswadlingeni,V9n9yb4bgf
amaciaszeknj,rjnrXrz
ccommuccink,rxqfDOOcJUdk
mcarvillenl,3yu3zmgKiEkp
lantonikovnm,ngoUHc
agauchnn,58Jm52f
sedelerno,bP2I8IGcTKxS
rkitchernp,n2U9Hw4
mbambroughnq,m1aJ83zT
amacauleynr,hxhvlPE
grizzonens,uwysRuBwPCz
kboshiernt,oMjZckzJAdj
lohogertienu,VQXCMq
jovernellnv,CwsPb5nbimz
fselburnnw,jPvZOab0bx65
wvanbaarennx,11VujuvS3W
dimesenny,KEeiS1
kcaudeliernz,vbsbA1G
awardlawo0,aPq3XbRN
ljagelso1,K3aVonZPk
tjustero2,0aRwbEgDkuJ7
iwenbano3,GOUPddR
bdebenedettio4,3buaFH4
jlusgdino5,P8fQNCCC
kbricketto6,mqhrSls3VE
jallewayo7,aU5EEmPW2f
ejarvieo8,0VwpaNvL5
fmccollumo9,ImMbdU0m2
cdaldryoa,8qo1GYwLjWK
ezuanazziob,WMRWIVm
abaudouxoc,Rz8v4x2
mavrahamoffod,cUk4twHin
dwinseroe,mcLXIw
vswinyardof,ubmqT0TyJ
bjutsonog,cOEaGNd7
lvaiseyoh,lInSOL7XjQh
efessieroi,PZhh1E0iXwp
mdavenhalloj,MFTBk6
pmccreedyok,15i50sA76ZDG
agouthol,Te3OFE
gryhorovichom,3BlqbZG
kgirdwoodon,dBGR1tNDGowI
vmacgraithoo,Q5YmoXWlu
marghentop,HgGueZAXEK
pwaszkiewiczoq,XXDiBBdDuHrT
groebyor,EO9WK7AO7F3
perrattos,rMrQoj
apoltunot,VmfUQbaR
mdisbreyou,ryoZeoc
vhammentsov,r2HBbue8YR
sgrinishinow,ZtbDYFUg
kcorzonox,VgeYyxhm
dbocoy,eEaC8gBCsH
gbeardsoz,jZhEEEYLW5
nmougenelp0,E8PmQtWoU
rtorransp1,OQEWCi
vtoppp2,4EjixBzOXEt
bjainep3,GbNQdbQ0hes
asmelleyp4,Mvxtx7z5tn
emontezp5,kesdFy
epeasemanp6,Nk7bje1dRWw
ebursnellp7,UAHiBfFlj
nethridgep8,GhfP9X3c
nbudgep9,YWpNTgRU
vcalcraftpa,j80EIVAO
bgarbarpb,qPHwJQz3o
lschefflerpc,M8MPPZ
ohurtadopd,vfwKAt
sbidewellpe,8nrqpI
abinghampf,ypKyHnW5lY0D
rhicklingbottompg,Bln13SYX6BUE
lbirrellph,8qnuNlcbS
blegerpi,dpnXbWb7
uswetmanpj,qjgSrrd
nmauchlinepk,GJC7PamoRKmt
mundrellpl,5NcfPnvHV
yrochfordpm,Wyenn3DuUpce
jludyepn,Go4iKfEK9e
apimerpo,ysmnNnoh
nbonnellpp,U9X2XNoLQQjD
jcardellopq,o2LrEG
osparkepr,Pm9UJUBQyi
mwainscoatps,A0f9cNM6COIB
avocept,0Fou3BAmtGE
amottonpu,wsomudiFG
tbrunnpv,44Gz7x
bbyllampw,47RCxxfKiFw
kroscamppx,RzC8AV9Tjyh6
acamackepy,LUtwpzyGvY
alaughlanpz,cJKifElxiW
ccootsq0,Nuab3sldlrn
sscyoneq1,4SmQRC3iF
fbathurstq2,7TCXm56
dgiaomozzoq3,vr9d7QQIQ
tamissq4,AgM2zffql
femminesq5,rNsi6g
aruvelq6,XnYvGsXcuxG5
celecumq7,3dASKTeQ
chouldinq8,v8syGRO5mMR
rbaltzarq9,nzSlLGCu7H
sabbysqa,ALyc8oUxBo
syashnovqb,El3otdlK9Fk
bskillettqc,5WrJKzXvs
vgariffqd,kElR7WsH
rnoodsqe,agsQ2Pi0
tdorningqf,7hoh1lgeGV
mrisenqg,ODtL2XsMI3
mrubieqh,gjZLKU
cphillisqi,OOK9F64w
lcarasqj,jDINxv3H4gc
jtebbettqk,SbTNj04wu
fthreadgillql,6GUvKNT77Km5
mshureyqm,da8E1Z5I
cverrickqn,CcElkVLkch
evossgenqo,ISbBvl8FonT
lmannockqp,jqUMWFDSw
gcraykqq,sUD5pR0
wlundonqr,TX9KM4
cirnisqs,EL1qx4xc
tscoggansqt,OHnq5hYWk8f
nchilderhousequ,wAK6UQMMO
sbrobakqv,lBu3aMT67S
schavezqw,vvJUzm24St
ewignallqx,PNbgylR
lfalkqy,XWt2mtUlYH
tuttermareqz,QWSiDRI
tfowlsr0,D0pd73zZK0p
dblankor1,angR53Wi8vhB
kchaser2,MlBD84
msneathr3,DArt0fEnqP
hhedder4,CVa3HTTd
glegricer5,Drs715eiizsH
jstottr6,UGh42V4
ibranwhiter7,ym5tZGa
educarner8,5IUbH32eEm
cgartrellr9,rwb1oo2okVI
wgroomebridgera,nnEN1uIT4Svb
zfollosrb,p86qdo
mjaquissrc,sQAjHE
hfarnhamrd,dM1CsQX1ln
vmaccaguere,100bUHIdU
ameindlrf,12IsyIP
nflyerg,5kOrKp
ncoursorrh,0VrGtzRqQN
tmaciunasri,4OKnk9
jwisemanrj,nnrzdQ
zcaplisrk,iXBESgDpSH
atrucerl,Ow0Kl5xq4EO
wmettetalrm,F1NgTkN
hvaloisrn,w2pZMs1
rmcdowallro,O1oM1j
hdrohanrp,yUI60a
fthoumassonrq,073PJZ8
eohalliganrr,PGv1cc48v7kl
